store_name,store_number,address,address2,city,state,zip_code,country,phone_number,latitude,longitude,store_hours,other_fields,coming_soon
"Brad M. Freedman, DDS & Associates",,4604-D Pinecrest Office Park Dr ,,Alexandria ,VA,22312,United States,(703) 940-1886,,,,,0
Dental Associates of Northern Virginia in Alexandria,,1500 Belle View Boulevard ,,Alexandria ,VA,22307,United States,(703) 596-0872,,,,,0
Dental Associates of Northern Virginia in Burke,,6035 Burke Centre Pkwy Suite # 200 ,,Burke ,VA,22015,United States,(703) 935-2879,,,,,0
Dental Associates of Northern Virginia in Fair Oaks,,12011 Lee Jackson Memorial Hwy Suite 105 ,,Fairfax ,VA,22033,United States,(703) 596-0875,,,,,0
Dental Associates of Northern Virginia in Skyline,,5113 Leesburg Pike Skyline Building 4 Suite 811 ,,Falls Church ,VA,22041,United States,(703) 935-2878,,,,,0
Dental Associates of Northern Virginia in Tysons Corner,,8100 Boone Blvd. Suite 100 ,,Vienna ,VA,22182,United States,(703) 935-2825,,,,,0
Dental One Associates of Chantilly,,25055 Riding Plaza Drive Suite 270 ,,Chantilly ,VA,20152,United States,(703) 722-8443,,,,,0
Dental One Associates of Fairfax,,9942 Main Street ,,Fairfax ,VA,22031,United States,(703) 664-1990,,,,,0
Dental One Associates of Fredericksburg,,201 Park Hill Drive ,,Fredericksburg ,VA,22401,United States,(540) 765-4655,,,,,0
Dental One Associates of Manassas,,7800 Sudley Road Suite 7810 ,,Manassas ,VA,20109,United States,(571) 535-2365,,,,,0
Dental One Associates of Woodbridge,,14520 Smoketown Road ,,Woodbridge ,VA,22192,United States,(703) 910-5020,,,,,0
Herrmann & Desio Family Dentistry,,510 N. Washington St Suite 301 ,,Falls Church ,VA,22046,United States,(703) 988-6938,,,,,0
Elite Dental Center,,1025 N Fillmore St Suite C ,,Arlington ,VA,22201,United States,(703) 988-6965,,,,,0
Hoffman Dental Group (Fairfax),,9661-C Main Street ,,Fairfax ,VA,22031,United States,,,,,,0
Hoffman Dental Group (Greenspring),,7440 Spring Village Drive ,,Springfield ,VA,22150,United States,,,,,,0
Hoffman Dental Group (Springfield),,6340 Brandon Avenue ,,Springfield ,VA,22150,United States,,,,,,0
Konikoff Dental Associates Battlefield Boulevard,,684 N. Battlefield Blvd Suite A ,,Chesapeake ,VA,23320,United States,(757) 548-0957,,,,,0
Konikoff Dental Associates Cedar Road,,1419 Cedar Rd. Suite 100 ,,Chesapeake ,VA,23322,United States,(757) 410-5878,,,,,0
Konikoff Dental Associates General Booth,,2301 General Booth Blvd. Suite A ,,Virginia Beach ,VA,23456,United States,(757) 427-5100,,,,,0
Konikoff Dental Associates Harbour View,,5849 Harbour View Blvd Suite 100 ,,Suffolk ,VA,23435,United States,(757) 606-1450,,,,,0
Konikoff Dental Associates Lynnhaven,,2100 Lynnhaven Pkwy Suite 100 ,,Virginia Beach ,VA,23456,United States,(757) 416-1400,,,,,0
Konikoff Dental Associates Shore Drive,,2829 Shore Drive Suite 100 ,,Virginia Beach ,VA,23451,United States,(757) 333-6866,,,,,0
Konikoff Dental Associates Volvo Parkway,,1533 Volvo Parkway Suite 100 ,,Chesapeake ,VA,23320,United States,(757) 410-9960,,,,,0
Konikoff Kids,,2100 Lynnhaven Pkwy Suite 200 ,,Virginia Beach ,VA,23456,United States,(757) 416-1400,,,,,0
Northern Virginia Oral & Maxillofacial Surgery Associates in Annandale,,7611 Little River Tpk Suite 101E ,,Annandale ,VA,22003,United States,(703) 634-4195,,,,,0
Northern Virginia Oral & Maxillofacial Surgery Associates in Manassas,,10600 Crestwood Drive ,,Manassas ,VA,20109,United States,(703) 634-4230,,,,,0
Northern Virginia Oral & Maxillofacial Surgery Associates in Woodbridge,,2020-A Opitz Blvd ,,Woodbridge ,VA,22191,United States,(703) 634-4238,,,,,0
Polifko & Dvorak,,2010 Opitz Boulevard # D ,,Woodbridge ,VA,22191,United States,(703) 595-2887,,,,,0
Rye Smiles for Life,,10614 Warwick Avenue ,,Fairfax ,VA,22030,United States,(703) 565-2503,,,,,0
Smiles at Fairfax Corner,,4210 Fairfax Corner Ave W Ste 220 ,,Fairfax ,VA,22030,United States,(703) 997-0928,,,,,0
Virginia Dental Center Cosmetic & Family Dentistry,,1025 N. Fillmore Street Suite A ,,Arlington ,VA,22201,United States,(877) 696-9119,,,,,0
Dolson Avenue Dental,,75 Dolson Avenue ,,Middletown ,NY,10940,United States,,,,,,0
Family Dental Group of Brewster,,1620 Route 22 ,,Brewster ,NY,10509,United States,(845) 764-9263,,,,,0
Family Dental Group of Fishkill,,738 Route 9 Suite 22 ,,Fishkill ,NY,12524,United States,(845) 764-9315,,,,,0
Family Dental Group of Jefferson Valley,,2985 Navajo Road ,,Yorktown Heights ,NY,10598,United States,(914) 357-8916,,,,,0
Family Dental Group of New York City,,121 E 60 St Suite 6C ,,New York ,NY,10022,United States,(212) 758-2215,,,,,0
Family Dental Group of Newburgh,,250 Broadway ,,Newburgh ,NY,12550,United States,(845) 764-9361,,,,,0
Kids Family Dental,,1591 Route 22 Building 2 ,,Brewster ,NY,10509,United States,(845) 764-9572,,,,,0
Manhattan Dental Arts,,1995 Broadway Suite 200 ,,New York ,NY,10023,United States,(646) 354-7621,,,,,0
Ramapo Dental Care,,29 N Airmont Rd Suite 2 ,,Suffern ,NY,10901,United States,(845) 512-1219,,,,,0
"Richard L. Marcus, D.D.S. & Associates",,23 Southdown Road ,,Huntington ,NY,11743,United States,(631) 247-0976,,,,,0
"Richard L. Rausch, DDS",,1 Rockefeller Plaza Suite 2201 ,,New York ,NY,10020,United States,(646) 863-8184,,,,,0
Baystate Dental of Belchertown,,131 North Main Street ,,Belchertown ,MA,01007,United States,(413) 323-7654,,,,,0
Baystate Dental of Chicopee,,516 Montgomery St ,,Chicopee ,MA,01020,United States,(413) 534-5144,,,,,0
Baystate Dental of East Longmeadow,,294 N.Main Street ,,East Longmeadow ,MA,01028,United States,(413) 525-9500,,,,,0
Saw Mill Dental,,970 North Broadway Suite 306 ,,Yonkers ,NY,10701,United States,(914) 357-8917,,,,,0
Dentists' Office of The Hudson Valley,,1733 Ulster Avenue ,,Lake Katrine ,NY,12449,United States,(845) 512-1230,,,,,0
"William S Greene, DMD & Natasha Kapoor, DDS",,23 Southdown Road ,,Huntington ,NY,11743,United States,(631) 247-0977,,,,,0
American Dental Center,,1441 Morris Ave ,,Union ,NJ,07083,United States,(908) 279-0623,,,,,0
Dental Arts of South Jersey,,1001 Laurel Oak Road C1 ,,Voorhees ,NJ,08043,United States,(856) 324-3361,,,,,0
Dental Solutions of Blackwood,,61 S Black Horse Pike ,,Blackwood ,NJ,08012,United States,(856) 322-0535,,,,,0
The Dental Center of Goshen,,4024 Elkhart Road Suite 15 ,,Goshen ,IN,46526,United States,(574) 538-2011,,,,,0
The Dental Center of Granger,,12840 SR 23 ,,Granger ,IN,46530,United States,(574) 807-0438,,,,,0
The Dental Center of La Porte,,1011 Michigan Avenue ,,La Porte ,IN,46350,United States,(574) 208-6811,,,,,0
The Dental Center of Mishawaka,,112 Ironworks Avenue Suite B1 ,,Mishawaka ,IN,46544,United States,(574) 285-0460,,,,,0
Baystate Dental of Greenfield,,33 Riddell Street Suite 6 ,,Greenfield ,MA,01301,United States,(413) 774-4131,,,,,0
Baystate Dental of Greenfield 2 (aka Mesloh),,33 Riddell Street Suite 7 ,,Greenfield ,MA,01301,United States,(413) 774-7996,,,,,0
Baystate Dental of Harrison,,13 Harrison Ave ,,Springfield ,MA,01103,United States,(413) 737-3700,,,,,0
Baystate Dental of Longmeadow,,66 Dwight Road ,,Longmeadow ,MA,01106,United States,(413) 567-9600,,,,,0
Dental Solutions of Deptford,,1450 Clements Bridge Road Ste 13 ,,Deptford ,NJ,08096,United States,(856) 322-0536,,,,,0
Dental Solutions of Voorhees,,2 Sheppard Rd Suite 100 ,,Voorhees ,NJ,08043,United States,(856) 322-0537,,,,,0
Diamond Spring Dental Associates,,16 Pocono Road Suite 116 ,,Denville ,NJ,07834,United States,(973) 810-5905,,,,,0
The Dental Center of Plymouth,,1913 N. Michigan Street Suite E ,,Plymouth ,IN,46563,United States,(574) 217-4906,,,,,0
The Dental Center of South Bend,,1005 East LaSalle Avenue ,,South Bend ,IN,46617,United States,(574) 367-7000,,,,,0
Dental Solutions Market Street,,722 Market Street ,,First Floor Philadelphia ,PA,19106,United States,(267) 367-5012,,,,,0
Dental Solutions of Bala Cynwyd,,187 W City Ave ,,Bala Cynwyd ,PA,19004,United States,(610) 679-6105,,,,,0
Dental Solutions of Cedarbrook,,1000 Easton Road Suite 465 ,,Wyncote ,PA,19095,United States,(267) 367-5014,,,,,0
Baystate Dental of Ludlow,,77 Winsor Street Suite # 201 ,,Ludlow ,MA,01056,United States,(413) 589-0083,,,,,0
Baystate Dental of Northampton,,325 King Street Suite 1 ,,Northampton ,MA,01060,United States,(413) 584-3721,,,,,0
Baystate Dental of Springfield - 212,,1795 Main Street Suite 212 ,,Springfield ,MA,01103,United States,(413) 732-5600,,,,,0
Baystate Dental of Springfield - 215,,1795 Main Street Suite 215 ,,Springfield ,MA,01103,United States,(413) 733-6651,,,,,0
Baystate Dental of West Springfield,,93 Van Deene Avenue West ,,Springfield ,MA,01089,United States,(413) 734-9400,,,,,0
Family Dental Group,,4021 Miller Road ,,Flint ,MI,48507,United States,(810) 515-8952,,,,,0
Gentle Dental at Grand River Avenue,,13874 West Grand River Avenue ,,Detroit ,MI,48227,United States,(313) 651-7260,,,,,0
Gentle Dental at Gratiot Avenue,,11180 Gratiot Avenue ,,Detroit ,MI,48213,United States,(313) 925-3090,,,,,0
College Park Dental,,7305 Baltimore Ave Suite 204 ,,College Park ,MD,20740,United States,(301) 238-7083,,,,,0
Dental One Associates at Beltway,,7650 Belair Road ,,Baltimore ,MD,21236,United States,(410) 775-5536,,,,,0
Dental One Associates at Steeplechase,,9141 Alaking Court Suite 107 ,,Capitol Heights ,MD,20743,United States,(240) 392-3983,,,,,0
Garden State Dental of East Brunswick,,422 Highway 18 North ,,East Brunswick ,NJ,08816,United States,(732) 276-4135,,,,,0
Garden State Dental of Newark,,182 Ferry Street ,,Newark ,NJ,07105,United States,(973) 321-3108,,,,,0
Garden State Dental of Roselle Park,,236 East Westfield Avenue ,,Roselle Park ,NJ,07204,United States,(908) 279-0621,,,,,0
The Dental Center of South Bend (Dentistry and Braces for Children and Teenagers),,1005 East LaSalle Avenue ,,South Bend ,IN,46617,United States,(574) 367-7146,,,,,0
The Dental Center of Warsaw,,841 South Union Street ,,Warsaw ,IN,46580,United States,(574) 349-6417,,,,,0
Wadas Dental of Crown Point,,11055 Broadway Suite E ,,Crown Point ,IN,46307,United States,(219) 488-2610,,,,,0
Wadas Dental of Munster,,417 East Ridge Road Suite A ,,Munster ,IN,46321,United States,(219) 552-7674,,,,,0
Dental Solutions of Grant Ave.,,2455 Grant Ave ,,Philadelphia ,PA,19114,United States,(267) 367-5015,,,,,0
Dental Solutions of Media,,6 Oriole Ave ,,Media ,PA,19063,United States,(610) 679-6109,,,,,0
Dental Solutions of Roxborough,,6162 Ridge Avenue ,,Philadelphia ,PA,19128,United States,(267) 367-5013,,,,,0
Dental Solutions of Stoney Creek,,515 Baltimore Pike ,,Springfield ,PA,19064,United States,(610) 572-4627,,,,,0
Dental Solutions of Upper Darby,,151 South 69th Street ,,Upper Darby ,PA,19082,United States,(610) 825-8275,,,,,0
Baystate Dental of Westfield,,29 Broad Street ,,Westfield ,MA,01085,United States,(413) 568-2000,,,,,0
Baystate Dental of Wilbraham,,35 Post Office Park Suite 3516 ,,Wilbraham ,MA,01095,United States,(413) 509-1500,,,,,0
Gentle Dental at Jefferson Avenue,,529 E Jefferson Avenue ,,Detroit ,MI,48226,United States,(313) 879-4769,,,,,0
Gentle Dental of New Baltimore,,35521 23 Mile Road ,,New Baltimore ,MI,48047,United States,(586) 933-5521,,,,,0
Gentle Dental of Shelby Township,,4737 24 Mile Rd Suite 1 ,,Shelby Township ,MI,48316,United States,(248) 721-4086,,,,,0
Gentle Dental of St. Clair Shores,,26210 Harper Avenue Suite 100 ,,St. Clair Shores ,MI,48081,United States,(248) 850-1809,,,,,0
Dental One Associates of Annapolis,,2623 Housley Road ,,Gateway Village Annapolis ,MD,21401,United States,(410) 793-4922,,,,,0
Dental One Associates of Bel Air,,3435 Box Hill Corporate Center Drive Suite E ,,Abingdon ,MD,21009,United States,(410) 698-1674,,,,,0
Dental One Associates of Columbia,,10630 Little Patuxent Parkway Suite 410 ,,Columbia ,MD,21044,United States,(410) 346-2350,,,,,0
Garden State Dental of Toms River,,1200 Hooper Avenue ,,Toms River ,NJ,08753,United States,(732) 276-4136,,,,,0
Thurm Dental Group,,925 Haddon Avenue ,,Collingswood ,NJ,08108,United States,(856) 335-1775,,,,,0
"Drs. Finkelman & Machlus, DDS",,1755 Old York Road ,,Abington ,PA,19001,United States,(215) 310-5826,,,,,0
Gentle Dental at Oregon Avenue,,1419 West Oregon Avenue ,,Philadelphia ,PA,19145,United States,(215) 310-5817,,,,,0
Gentle Dental of Allentown,,2015 West Hamilton Street Suite 202 ,,Allentown ,PA,18104,United States,(610) 616-3593,,,,,0
Gentle Dental of Warren,,29753 Hoover Road Suite B ,,Warren ,MI,48093,United States,(586) 933-5516,,,,,0
Gentle Dental of Westland,,825 S Wayne Road ,,Westland ,MI,48186,United States,(734) 329-5284,,,,,0
Dental One Associates of Cross Keys,,2 Village Square Suite 250 ,,Baltimore ,MD,21210,United States,(443) 863-6394,,,,,0
Dental One Associates of Frederick,,45 Thomas Johnson Drive Suite 105 ,,Frederick ,MD,21702,United States,(301) 862-6783,,,,,0
Dental One Associates of Oxon Hill,,6196 Oxon Hill Road Suite 650 ,,Oxon Hill ,MD,20745,United States,(240) 766-8568,,,,,0
Dental One Associates of Pikesville,,25 Hooks Lane Suite 212 ,,Pikesville ,MD,21208,United States,(443) 898-1231,,,,,0
Gentle Dental of Blue Bell,,790 Penllyn Blue Bell Pike Suite 103 ,,Blue Bell ,PA,19422,United States,(267) 439-4912,,,,,0
Gentle Dental of Center City,,201 South 13th Street 1st Floor ,,Philadelphia ,PA,19107,United States,(215) 941-5634,,,,,0
Maple Shade Dental at Camp Crossing,,809 W Camp Street ,,East Peoria ,IL,61611,United States,(309) 740-3905,,,,,0
Maple Shade Dental of East Peoria,,1001 Illini Drive East ,,Peoria ,IL,61611,United States,(309) 222-8447,,,,,0
Maple Shade Dental of Peoria,,11825 N. Knoxville Ave. ,,Dunlap ,IL,61525,United States,(309) 740-3901,,,,,0
Dental One Associates of Westminster,,412 Malcolm Drive Suite 100 ,,Westminster ,MD,21157,United States,(410) 970-0292,,,,,0
Drs. Lasher and Harriman at Dental One Associates of Waldorf,,3500 Old Washington Road Suite 301 ,,Waldorf ,MD,20602,United States,(301) 861-0665,,,,,0
Kenilworth Dental Associates,,658 Kenilworth Drive Suite 210 ,,Towson ,MD,21204,United States,(410) 616-7981,,,,,0
Gentle Dental of Collingdale,,14-20 MacDade Boulevard Suite A ,,Collingdale ,PA,19023,United States,(484) 427-4663,,,,,0
Gentle Dental of Haverford,,354 West Lancaster Avenue ,,Haverford ,PA,19041,United States,(610) 572-1248,,,,,0
Gentle Dental of Reading,,4 South 4th Street 1st Floor ,,Reading ,PA,19602,United States,(484) 334-2592,,,,,0
The Foehr Group,,107 S. Prospect Road ,,Bloomington ,IL,61704,United States,(309) 740-4241,,,,,0
Main Street Children's Dentistry and Orthodontics of Elkton,,103 Chesapeake Boulevard Suite E ,,Elkton ,MD,21921,United States,(410) 648-2211,,,,,0
Main Street Children's Dentistry and Orthodontics of Forest Hill,,2003 Rock Spring Road ,,Forest Hill ,MD,21050,United States,(410) 885-4177,,,,,0
Gentle Dental of Springfield,,760 W Sproul Road Suite 100 ,,Springfield ,PA,19064,United States,(484) 810-1247,,,,,0
Gentle Dental of Thorndale,,3307 East Lincoln Highway ,,Thorndale ,PA,19372,United States,(610) 590-1798,,,,,0
Gentle Dental of West Chester,,125 Turner Lane ,,West Chester ,PA,19380,United States,(484) 643-4417,,,,,0
Premier Dental of Edgmont Square,,4753 West Chester Pike Suite A-2 ,,Newtown Square ,PA,19073,United States,(484) 458-5392,,,,,0
Main Street Children's Dentistry and Orthodontics of Glen Burnie,,7671 Quarterfield Road Suite 400 ,,Glen Burnie ,MD,21061,United States,(410) 670-4525,,,,,0
Main Street Children's Dentistry and Orthodontics of Havre de Grace,,2021 Pulaski Highway Units A & B Havre De ,,Grace ,MD,21078,United States,(410) 942-9393,,,,,0
Main Street Children's Dentistry and Orthodontics of Perring Parkway,,8831 Satyr Hill Road Suite 200 ,,Baltimore ,MD,21234,United States,(410) 713-4542,,,,,0
Valley Dental Associates,,9199 Reisterstown Road Suite 206B ,,Owings Mills ,MD,21117,United States,(443) 898-1240,,,,,0
Dental One Associates at Eagles Landing,,1233 Eagles Landing Pkwy. Suite G ,,Stockbridge ,GA,30281,United States,(770) 872-0728,,,,,0
Dental One Associates of College Park,,1901 Phoenix Boulevard Suite 100 ,,College Park ,GA,30349,United States,(678) 619-5697,,,,,0
Dental One Associates of Dunwoody,,5901-B Peachtree Dunwoody Road NE Suite 250 ,,Atlanta ,GA,30328,United States,(404) 381-1490,,,,,0
Dental One Associates of Fayetteville,,410 N Jeff Davis Drive ,,Fayetteville ,GA,30214,United States,(678) 228-8348,,,,,0
Dental One Associates of Kennesaw,,2616 George Busbee Parkway NW ,,Kennesaw ,GA,30144,United States,(404) 381-1480,,,,,0
Dental One Associates of Marietta,,1275 Powers Ferry Road Suite 10 ,,Marietta ,GA,30067,United States,(678) 831-2945,,,,,0
Dental One Associates of Roswell,,1125 Woodstock Road Suite 520 ,,Roswell ,GA,30075,United States,(678) 392-2209,,,,,0
Dental One Associates of Toco Hills,,2882 N Druid Hills Road NE Suite A ,,Atlanta ,GA,30329,United States,(404) 410-7841,,,,,0
Drs. Grant and Conger,,602 Main Street ,,Dalton ,GA,30720,United States,(706) 847-4165,,,,,0
Dental Professionals of Vinings,,2460 Cumberland Parkway SE Suite 210 ,,Atlanta ,GA,30339,United States,(678) 448-4125,,,,,0
Dr. Jack L. Gish & Associates of Danbury,,85 North Street ,,Danbury ,CT,06810,United States,(203) 951-5179,,,,,0
Dr. Jack L. Gish & Associates of Fairfield,,1700 Post Road ,,Fairfield ,CT,06824,United States,(203) 745-2082,,,,,0
Dr. Jack L. Gish & Associates of Farmington Valley,,1245 Farmington Ave ,,West Hartford ,CT,06107,United States,(860) 319-0035,,,,,0
New Castle Dental Associates,,92 Reads Way Suite 200 ,,New Castle ,DE,19720,United States,(302) 328-1513,,,,,0
Hickory Flat Dental,,7840 Hickory Flat Highway ,,Woodstock ,GA,30188,United States,(678) 274-6972,,,,,0
Imagix Dental of Alpharetta,,11125 Jones Bridge Road Suite 200 ,,Alpharetta ,GA,30022,United States,(678) 274-6965,,,,,0
Imagix Dental of Norcross,,5270 Peachtree Parkway Suite 101 ,,Norcross ,GA,30092,United States,(678) 274-6981,,,,,0
Dr. Jack L. Gish & Associates of West Hartford,,836 Farmington Ave Suite 105 ,,West Hartford ,CT,06119,United States,(860) 265-1411,,,,,0
Huntington Family Dental Group,,534 Shelton Ave ,,Shelton ,CT,06484,United States,(203) 916-1173,,,,,0
Lighthouse Dental Care,,88 Ryders Lane ,,Stratford ,CT,06614,United States,(203) 742-1027,,,,,0
Imagix Dental of Roswell,,1345 Hembree Road ,,Roswell ,GA,30076,United States,(678) 274-6989,,,,,0
Imagix Dental of Suwanee,,350 Town Center Avenue Suite 301 ,,Suwanee ,GA,30024,United States,(678) 448-4121,,,,,0
Johns Creek Dental,,4245 Johns Creek Parkway Suite C ,,Suwanee ,GA,30024,United States,(678) 274-6976,,,,,0
Legacy Pediatric Dentistry,,3903 Jiles Road NW Bldg. 200 Suite 210 ,,Kennesaw ,GA,30144,United States,(678) 825-6913,,,,,0
Long Wharf Dental Group,,1 Long Wharf Drive Suite # 221 ,,New Haven ,CT,06511,United States,(203) 764-2386,,,,,0
Advanced Dental Care at RDV Sportsplex,,8701 Maitland Summit Blvd ,,Orlando ,FL,32810,United States,(321) 594-2624,,,,,0
Advanced Dental Care of Bradenton,,109 44th Avenue East Suite 200 ,,Bradenton ,FL,34203,United States,(941) 357-1292,,,,,0
Northpoint Dental,,3710 Old Milton Parkway Suite 101 ,,Alpharetta ,GA,30005,United States,(678) 274-6985,,,,,0
Advanced Dental Care of Brandon,,625 Medical Care Drive ,,Brandon ,FL,33511,United States,(813) 434-1734,,,,,0
Advanced Dental Care of Citrus Park,,7867 Gunn Highway ,,Tampa ,FL,33626,United States,(813) 448-3957,,,,,0
Advanced Dental Care of Clearwater,,3690 East Bay Drive Suite K ,,Largo ,FL,33771,United States,(727) 286-3945,,,,,0
Advanced Dental Care of Englewood,,1148 S McCall Road ,,Englewood ,FL,34223,United States,(941) 548-1422,,,,,0
Legacy Orthodontics,,3903 Jiles Road NW Bldg. 200 Suite 210 ,,Kennesaw ,GA,30144,United States,(770) 590-9050,,,,,0
Advanced Dental Care of Jacksonville,,4540 Southside Boulevard Suite 1001 ,,Jacksonville ,FL,32216,United States,(904) 302-5840,,,,,0
Advanced Dental Care of Lakewood Ranch,,8640 E State Road 70 Suite D ,,Bradenton ,FL,34202,United States,(941) 462-3706,,,,,0
Advanced Dental Care of Longwood,,505 Wekiva Springs Road Suite 100 ,,Longwood ,FL,32779,United States,(321) 594-2628,,,,,0
Advanced Dental Care of Mandarin,,3667 Crown Point Road ,,Jacksonville ,FL,32257,United States,(904) 268-4904,,,,,0
Advanced Dental Care of Mount Dora,,3555 North Highway 19A Mount ,,Dora ,FL,32757,United States,(352) 729-3668,,,,,0
Advanced Dental Care of Ocala,,1500 SE 17th Street Building 400 ,,Ocala ,FL,34471,United States,(352) 502-4381,,,,,0
Advanced Dental Care of Ocoee,,1231 Blackwood Avenue ,,Ocoee ,FL,34761,United States,(407) 477-5004,,,,,0
Advanced Dental Care of Orange City,,2490 Enterprise Road ,,Orange City ,FL,32763,United States,(386) 951-1412,,,,,0
Advanced Dental Care of Orlando,,12131 South Apopka-Vineland Road ,,Orlando ,FL,32836,United States,(407) 545-3810,,,,,0
Advanced Dental Care of Quail Meadows,,4967 NW Blitchton Road ,,Ocala ,FL,34482,United States,(352) 533-4159,,,,,0
Advanced Dental Care of Sarasota,,3920 Bee Ridge Road Building E Suite C ,,Sarasota ,FL,34233,United States,(941) 306-1818,,,,,0
Advanced Dental Care of Sarasota East,,8282 Bee Ridge Road ,,Sarasota ,FL,34241,United States,(941) 462-2159,,,,,0
Advanced Dental Care of Shady Road,,3040 SW 27th Avenue Suite 101 ,,Ocala ,FL,34471,United States,(352) 433-4934,,,,,0
Advanced Dental Care of Tampa,,3904-H W. Hillsborough Avenue ,,Tampa ,FL,33614,United States,(813) 701-3088,,,,,0
Advanced Dental Care of Temple Terrace,,11157 N 56th Street ,,Temple Terrace ,FL,33617,United States,(813) 440-3981,,,,,0
Dental Associates of Florida - Bartow,,2090 Flamingo Drive ,,Bartow ,FL,33830,United States,(863) 614-1801,,,,,0
Dental Associates of Florida - Brooksville,,401 Howell Avenue ,,Brooksville ,FL,34601,United States,(352) 600-4803,,,,,0
Dental Associates of Florida - Central Brandon,,647 West Lumsden Road ,,Brandon ,FL,33511,United States,(813) 563-0680,,,,,0
Dental Associates of Florida - Lakeland,,3845 South Florida Avenue ,,Lakeland ,FL,33813,United States,(863) 226-4424,,,,,0
Dental Associates of Florida - New Tampa,,14201 Bruce B. Downs Boulevard Suite 1 ,,Tampa ,FL,33613,United States,(813) 816-0798,,,,,0
Dental Associates of Florida - Plant City,,1701 S. Alexander Street Suite 114 ,,Plant City ,FL,33566,United States,(813) 343-4977,,,,,0
Dental Associates of Florida - South Brandon,,611 East Bloomingdale Avenue ,,Brandon ,FL,33511,United States,(813) 606-5978,,,,,0
Dental Associates of Florida - Sun City,,4040 Upper Creek Drive Suite 101 ,,Sun City ,FL,33573,United States,(813) 642-7545,,,,,0
Dental Associates of Florida - Tampa,,315 West Busch Boulevard Suite A ,,Tampa ,FL,33612,United States,(813) 642-7555,,,,,0
Dental Associates of Florida - Winter Haven,,329 Cyperss Gardens Boulevard ,,Winter Haven ,FL,33880,United States,(863) 877-1300,,,,,0
Walding & Associates,,444 W. Pipkin Road ,,Lakeland ,FL,33813,United States,,,,,,0
Dental Specialty Center at Baptist,,8940 N Kendall Drive Suite 1001E ,,Miami ,FL,33176,United States,(305) 275-8875,,,,,0
Dental Specialty Center of Altamonte Springs,,820 State Road 434 North Suite B ,,Altamonte Springs ,FL,32714,United States,(407) 865-9100,,,,,0
Dental Specialty Center of Aventura,,19086 NE 29th Avenue ,,Aventura ,FL,33180,United States,(305) 682-1554,,,,,0
Dental Specialty Center of Cape Coral,,821 Cape Coral Parkway West Unit 5 ,,Cape Coral ,FL,33914,United States,(239) 540-4085,,,,,0
,,20529 Old Cutler Road ,,Cutler Bay ,FL,33189,United States,(786) 619-1159,,,,,0
Dental Specialty Center of Forest Hill,,3027 Forest Hill Boulevard Suite A3 ,,West Palm Beach ,FL,33406,United States,(561) 433-1752,,,,,0
Dental Specialty Center of Fort Myers,,7011 Cypress Terrace Suite 101 ,,Fort Myers ,FL,33907,United States,(239) 433-3075,,,,,0
Dental Specialty Center of Homestead,,925 NE 30th Terrace Suite 114 ,,Homestead ,FL,33033,United States,(305) 247-0910,,,,,0
Dental Specialty Center of Jupiter,,175 Toney Penna Drive Suite 105 ,,Jupiter ,FL,33458,United States,(561) 745-3118,,,,,0
Dental Specialty Center of Miami Beach,,333 Arthur Godfrey Road Suite 818 ,,Miami Beach ,FL,33140,United States,(305) 674-9994,,,,,0
Dental Specialty Center of Naples,,2332 Pine Ridge Road ,,Naples ,FL,34109,United States,(239) 213-1733,,,,,0
Dental Specialty Center of Winter Park,,1311 W. Webster Avenue ,,Winter Park ,FL,32789,United States,(877) 500-1173,,,,,0
Palmetto Center for Dental Specialties,,7150 West 20th Avenue Suite 102 ,,Hialeah ,FL,33016,United States,(305) 556-5600,,,,,0
Sunrise Center for Dental Specialties,,1776 North Pine Island Road Suite 300 ,,Plantation ,FL,33324,United States,(954) 916-9955,,,,,0
Designer Smiles,,316 Groveland Street ,,Orlando ,FL,32804,United States,,,,,,0
Galt Family Dentistry,,3343 NE 33rd Street ,,Fort Lauderdale ,FL,33308,United States,,,,,,0
Towncare Dental Boca Raton,,3401 North Federal Highway Suite 101 ,,Boca Raton ,FL,33431,United States,,,,,,0
Main Street Children's Dentistry and Orthodontics at London Square,,13400 SW 120 Street Suite 310 ,,Miami ,FL,33186,United States,(786) 619-3431,,,,,0
Main Street Children's Dentistry and Orthodontics of Aventura,,19084 NE 29th Avenue ,,Aventura ,FL,33180,United States,(786) 623-5898,,,,,0
Main Street Children's Dentistry and Orthodontics of Cape Coral,,1715 Cape Coral Parkway West Suite 13 ,,Cape Coral ,FL,33914,United States,(239) 214-2470,,,,,0
Main Street Children's Dentistry and Orthodontics of Clermont,,2410 E Highway 50 Unit A ,,Clermont ,FL,34711,United States,(352) 678-6506,,,,,0
Main Street Children's Dentistry and Orthodontics of Coral Springs,,7663 W. Sample Rd ,,Coral Springs ,FL,33065,United States,(954) 719-6310,,,,,0
Main Street Children's Dentistry and Orthodontics of Ft. Myers,,13195 Metro Parkway ,,Ft. Myers ,FL,33966,United States,(239) 321-5230,,,,,0
Main Street Children's Dentistry and Orthodontics of Homestead,,925 NE 30 Terrace Suite 110 ,,Homestead ,FL,33033,United States,(305) 407-1026,,,,,0
Main Street Children's Dentistry and Orthodontics of Jupiter,,5440 Military Trail # 11 ,,Jupiter ,FL,33458,United States,(561) 935-4425,,,,,0
Main Street Children's Dentistry and Orthodontics of Miami Beach,,Mount Sinai Medical Complex 4308 Alton Road Suite 930 ,,Miami Beach ,FL,33140,United States,(305) 704-7469,,,,,0
Main Street Children's Dentistry and Orthodontics of Naples,,6726 Lone Oak Boulevard Just North of ,,the Hyundai dealership Naples ,FL,34109,United States,(239) 206-2858,,,,,0
Main Street Children's Dentistry and Orthodontics of Ocala,,3040 SW 27th Avenue Suite 101 ,,Ocala ,FL,34471,United States,(352) 220-6288,,,,,0
Main Street Children's Dentistry and Orthodontics of Orange City,,2435 South Volusia Avenue Suite D2 ,,Orange City ,FL,32763,United States,(386) 878-4395,,,,,0
Main Street Children's Dentistry and Orthodontics of Plantation,,7115 West Broward Blvd. Suite # 155 ,,Plantation ,FL,33317,United States,(954) 607-3322,,,,,0
Main Street Children's Dentistry and Orthodontics of South Broward,,9900 Stirling Road Suite 100 ,,Cooper City ,FL,33024,United States,(954) 607-1728,,,,,0
Main Street Children's Dentistry and Orthodontics of Wellington,,11903 Southern Boulevard Suite 102 ,,Royal Palm Beach ,FL,33411,United States,(561) 459-2733,,,,,0
Main Street Children's Dentistry and Orthodontics of Winter Park,,1311 W. Webster Avenue ,,Winter Park ,FL,32789,United States,(407) 792-0637,,,,,0
Main Street Children's Dentistry at Palmetto Hospital,,7150 W. 20 Avenue Suite 103 ,,Hialeah ,FL,33016,United States,(786) 623-5889,,,,,0
Main Street Children's Dentistry of Kendall,,7887 N. Kendall Drive Suite 200 ,,Miami ,FL,33156,United States,(786) 838-4157,,,,,0
Main Street Children's Dentistry of Miami Lakes,,15501 NW 67th Avenue Suite 201 ,,Miami Lakes ,FL,33014,United States,(786) 623-5820,,,,,0
Main Street Children's Dentistry of Palmetto Bay,,8805 SW 144 St. ,,Palmetto Bay ,FL,33176,United States,(786) 738-6494,,,,,0
Main Street Orthodontics at Baptist Medical Plaza,,8750 SW 144 St. Suite 205 ,,Miami ,FL,33176,United States,(786) 838-4152,,,,,0
Main Street Orthodontics of Kendall,,7887 N. Kendall Drive Suite 205 ,,Miami ,FL,33156,United States,(786) 838-4179,,,,,0
Main Street Orthodontics of Miami Lakes,,15600 NW 67th Avenue Suite 110 ,,Miami Lakes ,FL,33014,United States,(305) 400-0370,,,,,0
Manatee Dental At College Plaza,,3633 Cortez Road W Suite A1 ,,Bradenton ,FL,34210,United States,(941) 584-4356,,,,,0
Manatee Dental of East Bradenton,,3805 State Road 64 ,,East Bradenton ,FL,34208,United States,(941) 538-6339,,,,,0
Mautner Dentistry,,1601 N Palm Avenue Suite 104 ,,Pembroke Pines ,FL,33026,United States,(954) 417-6146,,,,,0
Miami Center for Cosmetic and Implant Dentistry,,13840 SW 56th Street Miller Square Shopping Center ,,Miami ,FL,33175,United States,(305) 387-6453,,,,,0
Oceans Dental Group,,3 Pine Cone Drive Suite 108 ,,Palm Coast ,FL,32137,United States,(386) 246-7619,,,,,0
Pediatric Dental Associates,,13846 SW 56th Street ,,Miami ,FL,33175,United States,(855) 871-5453,,,,,0
Rockledge Dental,,1950 Rockledge Boulevard Suite 207 ,,Rockledge ,FL,32955,United States,(321) 252-0825,,,,,0
Dental Associates of Hollywood,,3801 Hollywood Blvd. Suite 225 ,,Hollywood ,FL,33021,United States,(954) 246-4851,,,,,0
Dental Associates of Kendall,,11400 N. Kendall Dr Suite 207 ,,Miami ,FL,33176,United States,(305) 459-3204,,,,,0
Dental Associates of West Kendall,,13400 SW 120th Street Suite 310 ,,Miami ,FL,33186,United States,(305) 851-6464,,,,,0
Dental Center at Aventura,,19086 NE 29th Avenue ,,Aventura ,FL,33180,United States,(305) 921-0539,,,,,0
Dental Center at Baptist,,8940 N Kendall Drive Suite 1005-E ,,Miami ,FL,33176,United States,(305) 921-0511,,,,,0
G&G Dental Associates,,7030 NW 57th Street ,,Tamarac ,FL,33319,United States,(954) 246-4835,,,,,0
Jupiter Dental Group,,175 Toney Penna Drive Suite 105 ,,Jupiter ,FL,33458,United States,(561) 459-1399,,,,,0
Miami Beach Dental Center,,333 Arthur Godfrey Road Suite 818 ,,Miami Beach ,FL,33140,United States,(786) 838-4176,,,,,0
Naples Center for Cosmetic Dentistry,,9132 Strada Place Suite 11101 ,,Naples ,FL,34108,United States,(239) 206-4282,,,,,0
Palm Dental Center,,7150 West 20th Avenue Suite 102 ,,Hialeah ,FL,33016,United States,(305) 921-0481,,,,,0
Plantation Dental Services,,314 South University Drive ,,Plantation ,FL,33324,United States,(954) 651-9315,,,,,0
Sunrise Dental Group,,1776 North Pine Island Road Suite 300 ,,Plantation ,FL,33322,United States,(954) 246-4871,,,,,0
Superior Dental,,660 North State Road 7 Suite 12 ,,Plantation ,FL,33317,United States,(954) 583-4447,,,,,0
Towncare Dental Associates of Cape Coral,,1715 Cape Coral Parkway West Suite 11 ,,Cape Coral ,FL,33914,United States,(239) 214-2982,,,,,0
Towncare Dental Associates of Homestead,,925 NE 30th Terrace Suite 118 ,,Homestead ,FL,33033,United States,(786) 738-6500,,,,,0
Towncare Dental of Altamonte Springs,,820 State Road 434 North Suite B ,,Altamonte Springs ,FL,32714,United States,(407) 278-1210,,,,,0
Towncare Dental of Bonita Springs,,16565 Vanderbilt Drive ,,Bonita Springs ,FL,34134,United States,(239) 494-4720,,,,,0
Towncare Dental of Clermont,,1645 East Highway 50 Suite 100 ,,Clermont ,FL,34711,United States,(352) 432-1960,,,,,0
Towncare Dental of Cutler Bay,,20533 Old Cutler Road ,,Cutler Bay ,FL,33189,United States,(786) 619-3434,,,,,0
Towncare Dental of Forest Hill,,3027 Forest Hill Boulevard Suite A3 ,,West Palm Beach ,FL,33406,United States,(561) 459-1488,,,,,0
Towncare Dental of Ft. Myers,,6150 Diamond Center Court Building 300 Suite 2 ,,Fort Myers ,FL,33912,United States,(239) 243-9238,,,,,0
Towncare Dental of Hialeah,,6600 West 12th Avenue ,,Hialeah ,FL,33012,United States,(786) 838-4149,,,,,0
Towncare Dental of Hialeah Square,,4186 West 12th Avenue ,,Hialeah ,FL,33012,United States,(786) 838-4145,,,,,0
Towncare Dental of Naples,,4822 Davis Boulevard ,,Naples ,FL,34104,United States,(239) 963-1743,,,,,0
Towncare Dental of Pembroke Pines,,600 N Hiatus Road Suite 103 ,,Pembroke Pines ,FL,33026,United States,(954) 719-6278,,,,,0
Towncare Dental of Pinecrest,,8353 SW 124th Street Suite 202 ,,Miami ,FL,33156,United States,(305) 403-9711,,,,,0
Towncare Dental of West Kendall,,15724 SW 72nd Street ,,Miami ,FL,33193,United States,(305) 403-9348,,,,,0
Towncare Dental of Winter Park,,1713 West Fairbanks Avenue ,,Winter Park ,FL,32789,United States,(407) 901-4351,,,,,0
